grp_denoiser_top_Pipeline_VITIS_LOOP_18_1_fu_123,VITIS_LOOP_18_1,upc_loop_status1.csv
grp_inference_fu_131,loop_kh_1,seq_loop_status1.csv
grp_inference_fu_131,loop_oc_1_loop_h_1_loop_w_1,seq_loop_status2.csv
grp_inference_fu_131,loop_oc_2_loop_h_2_loop_w_2,seq_loop_status3.csv
grp_inference_fu_131,loop_oc_3_loop_h_3_loop_w_3,seq_loop_status4.csv
grp_inference_fu_131,loop_h_out_loop_w_out,seq_loop_status5.csv
grp_inference_fu_131.grp_inference_Pipeline_loop_kw_1_fu_481,loop_kw_1,pp_loop_status1.csv
grp_inference_fu_131.grp_inference_Pipeline_loop_kh_2_loop_kw_2_loop_ic_2_fu_504,loop_kh_2_loop_kw_2_loop_ic_2,upc_loop_status2.csv
grp_inference_fu_131.grp_inference_Pipeline_loop_kh_3_loop_kw_3_loop_ic_3_fu_521,loop_kh_3_loop_kw_3_loop_ic_3,upc_loop_status3.csv
grp_inference_fu_131.grp_inference_Pipeline_loop_kh_out_loop_kw_out_loop_ic_out_fu_537,loop_kh_out_loop_kw_out_loop_ic_out,upc_loop_status4.csv
grp_denoiser_top_Pipeline_VITIS_LOOP_25_2_fu_152,VITIS_LOOP_25_2,upc_loop_status5.csv
