,AESL_inst_denoiser_top,,module_status1.csv
,grp_denoiser_top_Pipeline_VITIS_LOOP_18_1_fu_123,,module_status2.csv
,grp_inference_fu_131,,module_status3.csv
grp_inference_fu_131,grp_inference_Pipeline_VITIS_LOOP_45_1_VITIS_LOOP_46_2_VITIS_LOOP_47_3_fu_475,,module_status4.csv
grp_inference_fu_131,grp_inference_Pipeline_loop_kw_1_fu_481,,module_status5.csv
grp_inference_fu_131,grp_inference_Pipeline_VITIS_LOOP_97_1_VITIS_LOOP_98_2_VITIS_LOOP_99_3_fu_498,,module_status6.csv
grp_inference_fu_131,grp_inference_Pipeline_loop_kh_2_loop_kw_2_loop_ic_2_fu_504,,module_status7.csv
grp_inference_fu_131,grp_inference_Pipeline_loop_kh_3_loop_kw_3_loop_ic_3_fu_521,,module_status8.csv
grp_inference_fu_131,grp_inference_Pipeline_loop_kh_out_loop_kw_out_loop_ic_out_fu_537,,module_status9.csv
,grp_denoiser_top_Pipeline_VITIS_LOOP_25_2_fu_152,,module_status10.csv
